label,webproyecto,responsables,contacto,institucional,pagina,type,link
&quot;Es momento de cambiar&quot;,linea54.wordpress.com,Ana Ferrer Marco,,0,1888,rec,https://www.youtube.com/watch?v=bJD04-2nKh0
"&quot;ESPACIO LIKE&quot;, UN RECREO QUE EDUCA",http://zaragoza.redsagradocorazon.es/index.php/55-espacio-like/719-espacio-like,"MARIANO GIMENO GARCÍA, PROFESOR DE E. FÍSICA Y MARÍA JOSÉ HERBERA MONTULL, PROFESORA DE PEDAGOGÍA TERAPÉIUTICA",,0,1900,rec,https://www.youtube.com/watch?v=YeBgsA0TK5U
"7 MESES, 7 CAUSAS",http://cpfec.blogspot.com.es/,Claustro de profesores del CEIP Fernando el Católico de Zaragoza.,,0,1787,rec,https://www.youtube.com/watch?v=2acXu4GsWlg
8 Meses 8 Causas,,,,1,1412,rec,https://youtu.be/FU8IeHmoSg4
Actividad en inglés,,,,1,1388,rec,https://youtu.be/gPX7uh-HBJc
Adc Hispanidad,,,,1,1374,rec,https://youtu.be/wavp0nu3s0c
Adivina...¡qué te cuento!,http://adivinaquetecuentoinnova.blogspot.com.es/,"Raquel Sánchez Nieto, Sonia Gascón Sanvicente, Mónica Lacasa Miñana, Ana María Daina Valencia",,0,1901,rec,https://www.youtube.com/watch?v=8HR6cfr-Dng&amp;feature=youtu.be
Advancing Towards The Future,,,,1,1392,rec,https://youtu.be/Ph_l491DLbs
Ajedrez en Amar y Borbón,,,,1,1380,rec,https://youtu.be/EaF1hgtEuMM
Ajedrez en el aula,http://www.cristorey.zaragoza.escolapiosemaus.org/informacion/innovacion/ajedrez-en-el-aula,Isaac M. Pérez Aisa. Participación y responsabilidad compartida al 100 % por el 100% del claustro de profesores,,0,1628,rec,https://www.youtube.com/watch?v=iVyNCpepGbQ
Ajedrez en el CEIP Compromiso de Caspe,,David López,,1,1604,rec,https://youtu.be/Bsj1QZ5NDbU
Ajedrez en Pedro I,,,,1,1377,rec,https://youtu.be/KShlosPFblo
Alfabetomotricidad,,,,0,1426,rec,https://youtu.be/RcHIFVu18L4
Alumno Ayudante en el CEIP Juan Lorenzo Palmireno,http://programaalumnoayudante.blogspot.com.es/,"Pilar Blasco, Beatriz Agud, Tania Paúl, Isabel Lanuza, Jesús Bernuz",,0,1652,rec,https://www.youtube.com/watch?v=bRKZJmPaJWw
Apadrina un lector,http://ceipvaldespartera.blogspot.com.es/,Pilar Monreal Aliaga,,1,1454,rec,
Aplicación de la filosofía y práctica del Aikido a la resolución de conflictos en el aula,,,,0,1369,rec,https://youtu.be/P1QNbVIzj8s
APPrendiendo con P.D.I. en las aulas de Ed. Infantil,,Domingo Santabárbara Bayo,,1,1440,rec,https://www.youtube.com/watch?v=GUy9T5BEfOc
APPrendiendo con tablets en Educación Infantil,,Domingo Santabárbara Bayo,,1,1445,rec,http://youtu.be/kfHbf1CYKYA
Aprender a Convivir. Programa para la mejora de la Competencia Social en niños de 2º ciclo de Educación Infantil.,,,,1,1345,rec,https://youtu.be/6RpECkqdxZM
Aprender a emprender,,Isaac M. Pérez Aisa,,1,1682,rec,https://www.youtube.com/watch?v=CVibqFSoGCo
APRENDER A SER PERSONAS (Proyecto de Inteligencia Emocional).,,,,1,1371,rec,https://youtu.be/1fJNgM3gDcg
Aprendiendo a Emprender,,"Charo Lahoz, Esther Sainz",,1,1826,rec,
Apunteswiki,http://apunteswiki.wikidot.com/,"Enrique Galé Casajús, Paz Álvarez Amada",,0,1695,rec,https://youtu.be/1n0_BGkXr7I
"Así somos, así convivimos",,,,0,1342,rec,https://youtu.be/mZKw65Y9jGo
Atención a la diversidad dentro del aula de Educación Secundaria. Introducción de nuevas metodologías,http://convocatorias.educa.aragon.es/formulario/upload/IEPR2015160012-8414f9_PROYECTO%20DE%20INNOVACION%20IES%20GUDAR%20JAVALAMBRE.pdf,,,0,1771,rec,
AULA ARMONÍA: Estimulando desde los sentidos,www.colegiosantaana.org,Equipo de orientación infantil-primaria,,0,1647,rec,PROYECTO AULA ARMONIA.pdf
Aula de desarrollo de capacidades,,,,1,1406,rec,https://youtu.be/zPaIXwucvR4
Aulas felices,http://educaposit.blogspot.com.es/,"Silvia Hernández, Ricardo Arguís",,1,1457,rec,Aulas_felices_aragoneduca.pdf
Autoestima a través del programa Cantania,,,,1,1382,rec,https://youtu.be/XuftK_vFHlw
Área de plástica en inglés,,,,0,1395,rec,https://youtu.be/TAE0BsEQyFQ
¡Me gustan las mates… si son ABN!,,María Teresa Murillo García; María Luisa Igea Serrano.,,1,1562,rec,https://youtu.be/I0I5bUenghg
¡SOS animales en peligro! -Biología ESO,,Isaac Pérez Aísa,,0,1576,rec,https://youtu.be/JJ3HiYo7ohc
¿Me hablas a mi? Proyecto de Retórica IES San Alberto Magno,,"Estela Puyuelo, Alfredo Sánchez, Pedro García",,1,1889,rec,https://youtu.be/83CLwxdMIUE
¿Pipiripeamos? El monstruo de los colores,,Beatriz Sanmartín,,1,1650,rec,https://vimeo.com/165411190
¿Te atreves a retarme?,http://colecanfranc.blogspot.com.es/,,,0,1769,rec,
BIBLIOTÉCA-T,http://bibliotournee.blogspot.com.es/,OLGA RODRÍGUEZ- ANA BADÍA- TERESA MATA,,1,1887,rec,https://www.youtube.com/watch?v=fNlJG70Eq9A&amp;feature=youtu.be
Bilingüismo CILE,,,,0,1393,rec,https://youtu.be/MBE655FjOq4
Bilingüismo IES FGC,,Marta Gutiérrez-Rivas,,1,1916,rec,https://youtu.be/VV0emVh9mgY
"BLA, BLA, BLA II. ESCUCHA, TE CUENTO",http://bemontecorona.blogspot.com.es/,Cristina Lacampa,,0,1750,rec,https://youtu.be/UzA6-QoF3wg
Brain Gym,,Elena Genzor. Participación y responsabilidad compartida al 100 % por el 100% del claustro de profesores,,0,1631,rec,https://www.youtube.com/watch?v=0ld39u0vUfA
Buenas prácticas de convivencia,,,,0,1431,rec,Buenas_practicas_convivencia_CEIP_Miguel_Servet.pdf
Cambio de Perspectiva en la Narrativa de las Jornadas Multidisciplinares,http://zaragoza.salesianos.edu/,Cristina Bravo,,0,1784,rec,https://youtu.be/d_U4wU8MPUk
Caminamos con la lectoescritura,https://drive.google.com/file/d/0ByW5-jinlMtNWHpDTTFyNFN3TU0/view,,,0,1754,rec,
Camino a la Igualdad,,,,0,1877,rec,https://youtu.be/mP8xUwOl62s
Cantania,,Esther Sainz,,1,1903,rec,6-300x225.jpg
Cantania CEIP Puente Sardas,,Carlos Álvarez Lanzarote,,1,1910,rec,Cantania Puente Sardas 01.jpg
Cantania es nuestro CRA Matarranya,,,,1,1379,rec,https://youtu.be/yHh3MnvTLuU
Cantania NS Merced,,,,1,1422,rec,https://youtu.be/GXRzkF_RiFM
Capítulo XII don Quijote de la Mancha: El Caballero de los Espejos,,"Alicia Lara Matas, profesora de Lengua castellana y Literatura",,0,1686,rec,https://youtu.be/LoUpGQnvyog
Certamen de Lectura en Voz Alta,http://unrincondelabiblioteca.blogspot.com.es/search/label/certamen,Pilar Ciutad Lacambra,,1,1433,rec,https://www.youtube.com/watch?v=O4m0vC_Q2RM
CERVANTES Y LA BIBLIOTECA ESCOLAR DE ATECA,https://sites.google.com/site/cpateca/biblioteca/biblioteca-1,Jesús Gil Alejandre y Carmen García Martínez,,1,1664,rec,https://www.youtube.com/watch?v=w8v9GwY-jDo
Ciencia en los coles,,,,1,1381,rec,https://youtu.be/wSx5adAI3W4
Ciencia recreativa,,Jesús Medrano Homobono,,0,1745,rec,https://youtu.be/Q-Tfp0MQXrQ
Ciencia Viva,,,,1,1409,rec,https://youtu.be/Dyt5mqc62hg
Ciencias y proyectos comprometidos,http://conldeleer.blogspot.com.es/,"Marta Ambite , Mª Ángeles Laborda",,1,1456,rec,
CILE 1 Inglés,,"Rosa Escriche, Verónica Cintora, Paola García.",,1,1827,rec,
Cine en la Escuela,,,,0,1487,rec,https://youtu.be/FDU-H1Yd6uk
Cole Televisión,http://www.cpilosenlaces.com/cole-television-3/,Amparo Vilaplana; Trini Albesa,,0,1450,rec,https://youtu.be/rjFr9PylY3s
"Colorín Colorado, este cuento aún no se ha terminado",,,,0,1439,rec,https://youtu.be/63CI5ztXcCo
"Como comprendo, me expreso.",http://cpjxizar.educa.aragon.es/,José Luis Félix Fando,,1,1891,rec,"Como comprendo, me expreso.pdf"
Compartiendo. Proyecto de interacción del IES Pedro Cerrada con la residencia de mayores Santa Ana,http://www.iespedrocerrada.org/,Mª Ester Nevado Peláez,,0,1775,rec,https://youtu.be/7jcdHKIXWx0
"Con imaginación, lectura y diversión",,,,0,1736,rec,https://youtu.be/YNyAEFPR9hc
Conoce el CEIP Infanta Elena,http://ceipinfantaelena.catedu.es/wp-content/uploads/2017/04/ceipinfantaelena.pdf,,,0,1874,rec,Colegioinfantaelena.jpg
Conoce el CEIP José María Mir,,,,0,1793,rec,https://youtu.be/-Hh3SB1nR7U
Conoce el CEIP Julio Verne,,,,0,1824,rec,https://youtu.be/Ua_72ottEOc
Conoce el CEIP La Almozara,,,,0,1823,rec,https://youtu.be/FDhMMxM2Hf0
Conoce el CEIP La Estrella,,,,0,1822,rec,https://youtu.be/pPdPl_LT6-Y
Conoce el CEIP La Jota,,,,0,1821,rec,https://youtu.be/Msj2ZiLHZ74
Conoce el CEIP Las Fuentes,,,,0,1820,rec,https://youtu.be/20qgHWZ5d_M
Conoce el CEIP Lucien Briet,,,,0,1819,rec,https://youtu.be/OW3zqV-XvDs
Conoce el CEIP Luis Vives,,,,0,1818,rec,https://youtu.be/ideErZDiI0o
Conoce el CEIP María Moliner,,,,0,1816,rec,https://youtu.be/66LUdUvOHtQ
Conoce el CEIP Marcos Frechín,,,,0,1817,rec,https://youtu.be/fwFoBUYZgh0
Conoce el CEIP Marie Curie,,,,0,1815,rec,https://youtu.be/bzUHaaJ7D9c
Conoce el CEIP Miraflores,,,,0,1814,rec,https://youtu.be/vO75D5Oc7F0
Conoce el CEIP Miralbueno,,,,0,1813,rec,https://youtu.be/qxapCyjSWjM
Conoce el CEIP Monsalud,,,,0,1812,rec,https://youtu.be/kZJVAGjNI3g
Conoce el CEIP Montecanal,,,,0,1811,rec,https://youtu.be/SQms6WBNbhw
Conoce el CEIP Parque Goya,,,,0,1810,rec,https://youtu.be/KrZIJoc4_v0
Conoce el CEIP Puerta de Sancho,,,,0,1809,rec,https://youtu.be/9dX4VVn59oo
Conoce el CEIP Ramón Sáinz de Varanda,,,,0,1807,rec,https://youtu.be/LifNkCWSAR8
Conoce el CEIP Ramiro Soláns,,,,0,1808,rec,https://youtu.be/5m6icOD_2mQ
Conoce el CEIP Río Ebro,,,,0,1805,rec,https://youtu.be/heiS-gSyIkg
Conoce el CEIP Recarte y Ornat,,,,0,1806,rec,https://youtu.be/0C9eGNCa3E8
Conoce el CEIP Ricardo Mur,,,,0,1792,rec,https://youtu.be/-NiZzI_dNyk
Conoce el CEIP San Braulio,,,,0,1905,rec,https://youtu.be/vkB1Tdyvq4c
Conoce el CEIP San Jorge,,,,0,1804,rec,https://youtu.be/F96zqMkiYsA
Conoce el CEIP San José de Calasanz,,,,0,1803,rec,https://youtu.be/-wbzqTVnsLM
Conoce el CEIP Santo Domingo,,,,0,1802,rec,https://youtu.be/T5wVJ5ovD6c
Conoce el CEIP Tío Jorge,,,,0,1800,rec,https://youtu.be/Z1DOfC58LEI
Conoce el CEIP Tenerías,,,,0,1801,rec,https://youtu.be/tDQSG1_wizQ
Conoce el CEIP Tomás Alvira,,,,0,1799,rec,https://youtu.be/aqlTHW3bmqw
Conoce el CEIP Torre Ramona,,,,0,1798,rec,https://youtu.be/DZroU08-Qmc
Conoce el CEIP Vadorrey-Les Allées,,,,0,1797,rec,https://youtu.be/UX8ssoQru3s
Conoce el CEIP Valdespartera,,,,0,1796,rec,https://youtu.be/87_Xv5WjmH8
Conoce el CEIP Zalfonada,,,,0,1795,rec,https://youtu.be/IpOCP5xHGDU
Conoce el CEIP Zaragoza Sur,,,,0,1794,rec,https://youtu.be/OJKr9dJLAqk
COOPERACIÓN,,"Sergio Herranz Asín, Secretario del CEIP &quot;Fernando el Católico&quot;",,0,1730,rec,COOPERACIÓN.jpg
Coro en el GC,,Mónica Aguilera,,1,1410,rec,https://youtu.be/2uvGJhD-QAI
Coro escolar,,,,1,1344,rec,https://youtu.be/bT2hXe4zEPs
Cosas de la edad,,,,1,1339,rec,https://youtu.be/w1qjGicBb20
Creación y lectura de Kamishibais,,Claustro de profesores del CEIP &quot;Domingo Miral&quot;,,0,1630,rec,https://www.youtube.com/watch?v=tejzw_oXXxo
Creative ebook musical interactivo,https://proyectocreativate15.wordpress.com,Sonia Muslares Miranda,,1,1446,rec,https://youtu.be/aX6rx7X63k0
Creative learning and teaching in Secondary Bilingual Education,,Noelia Mayoral,,0,1451,rec,
Crecer en relación,http://cphiszar.educa.aragon.es/es/inicio,Concepción Mérida Caraballo,,0,1777,rec,https://youtu.be/IyJf_wvpdHk
Creciendo en inclusión: la banda de jazz,https://sites.google.com/view/labandadejazz/p%C3%A1gina-principal,Mercedes Martínez y Concepción Mérida,,1,1898,rec,https://www.youtube.com/watch?v=iutJI3bazgQ&amp;t=12s
Cuadernos inteligentes/Smart notebooks,,Belén Embid,,0,1438,rec,https://youtu.be/QCr3OgCpCkM
De las TIC a las TAC: repensando la web del centro,,Francisco Luis Alda Bueno,,0,1886,rec,https://www.youtube.com/watch?v=aUcIUfe479I&amp;feature=youtu.be
Desarrollo de capacidades,,Miriam Martín Balgañón,,1,1648,rec,http://www.colegiovaldespartera.es/index.php?option=com_content&amp;view=category&amp;layout=blog&amp;id=109&amp;Itemid=130
Desarrollo programa POLE en el CEIP San Miguel,,,,1,1400,rec,https://youtu.be/0xoa_8U6cJg
Descubrimientos de las simetrías en los fósiles para niños con capacidades diversas,,"Cristina Bravo, Inmaculada Zegri, Antonio López Polo",,0,1701,rec,https://www.youtube.com/watch?v=nu75N5lSRLA&amp;feature=em-upload_owner
DESIGN FOR CHANGE,http://www.dfcspain.com/,Lucio Manuel Callejas Mellado DIRECTOR CEIP &quot;FERNANDO EL CATÓLICO&quot;,,0,1738,rec,DESIGN FOR CHANGEx.pdf
Do It Yourself! Imagination &amp; Creation,http://convocatorias.educa.aragon.es/formulario/upload/IEPR2015160034-907019_DO%20IT%20YOURSELF%20CANDIDO%20DOMINGO.pdf,,,0,1781,rec,
Does size matter? ¿Importa el tamaño?,,,,0,1399,rec,https://youtu.be/RdO_ez8REx4
Dos historias diferentes,http://www.cpavzara.educa.aragon.es/inicio/index.html,,,1,1354,rec,https://youtu.be/J4lVWUrXD0A
E-TWINNING,http://cpfec.blogspot.com.es/   https://www.etwinning.net/es/pub/index.htm,Departamento de Inglés del CEIP Fernando el Católico,,1,1791,rec,https://www.youtube.com/watch?v=E484yOdraTQ
ECO-Recreo,,Claustro de Profesores de la Fundación Laboral de la Construcción,,0,1881,rec,https://youtu.be/bI0Kc77CWgM
EDUCACIÓN EMOCIONAL SAN JAVIER,,"MARIA CULEBRAS LEÓN, NATALIA SAZ, EVA AMADOR, SILVIA ORTEGA, ALEJANDRA LUCEA, ANA Mª VICENTE, ARANZAZU ZATORRE",,0,1687,rec,https://youtu.be/8MZJ6ybAfs8
"Educamos para la vida, no para la escuela",,,,0,1432,rec,https://www.youtube.com/watch?v=Bf6wQ2ftveQ
Educar en la convivencia como principio educativo fundamental,http://cpjxizar.educa.aragon.es/,Luis del Barrio Aranda,,1,1893,rec,Proyecto convivencia.pdf
El bilingüismo en el CEIP Puente Sardas,,Lucía Lechón Mercier,,1,1929,rec,https://www.youtube.com/watch?v=VbOaOCIk1Vc
El club de la pajarita,http://elclubdelapajarita.blogspot.com.es/,Inma Monreal,,0,1447,rec,https://youtu.be/aUZ_dTwGv8o
El Ensanche se hace grande,,,,0,1752,rec,https://www.youtube.com/watch?v=xdKxdczfuqg
El funcionamiento del drone,,,,0,1423,rec,https://youtu.be/nCDJ2r6CCMw
EL Huerto de &quot;las Anas&quot; es particular,www.colegiosantaana.org,Mª Cruz Ramirez y profesores,,0,1666,rec,EL_Huerto_de_las_Anas_es_particular4.pdf
El huerto y el corral de mi escuela,http://colegioferreryracaj.wordpres.com,Conchita Palacio Prádanos,,1,1480,rec,https://youtu.be/njUDdviZQR0
Emociona TV,http://cplasfuentes.org/emociona-tv/,"Santiago Asensio Jiménez, director del centro",,0,1731,rec,https://youtu.be/u0bmDwBKb_w
Emociones,http://cpjmmzar.educa.aragon.es/,,,0,1761,rec,
EMPODERAMIENTO: mujeres y pedagogía 2015-2016,,"Macu Vicente, Virginia Espa, Lupe Lardiés, Ramón Día",,1,1641,rec,MarieCurie.jpg
Enseñar a Ver y Ver para Enseñar: Iniciación a la Visualización del Conocimiento en Secundaria,http:/iesvp.educa.aragon.es,Laura Martínez Escudero,,0,1776,rec,
Enseñar en inglés,http://lasanejasdeteruel.blogspot.com.es/2016/03/triptico-del-proyecto-de-organizacion.html,,,0,1757,rec,
Entornos felices: la clave de la convivencia.,,,,0,1429,rec,https://youtu.be/LyenDtLx-5Q
Entusiasmat,http://www.cristorey.zaragoza.escolapiosemaus.org/informacion/innovacion/entusiasmat,Isaac M. Pérez Aisa,,0,1614,rec,https://www.youtube.com/watch?v=DA9-voOqrPU
Escritura creativa,,Lorenzo Asín Grasa,,0,1920,rec,Escritura creativa.jpg
Escuela Infantil Municipal “El Bosque”,,,,0,1373,rec,https://youtu.be/6FT2lvTJ90A
Esos pequeños pueblos,,José Ángel Camarasa,,0,1698,rec,https://youtu.be/trucc2-A-Gc
Expertos en el aula,,,,1,1419,rec,https://youtu.be/Zyk5gnj_VIk
Fernando el Católico Happy,http://cpfec.blogspot.com.es/,Mercedes Merlo Rodríguez,,0,1739,rec,https://youtu.be/Q_Txe_bjf-0
First Primary ARTS Project,,Cristina Vallés,,1,1908,rec,https://vimeo.com/165299707
Flipped Learning en la Educación de Adultos,,Raquel Juan Morera - Coordinadora.,,0,1883,rec,https://www.youtube.com/watch?v=NkQfAAQdStE
Flipped School,,Mª Carmen Martinez,,1,1502,rec,https://youtu.be/fwQAcUrBwkI
"Geología, plataforma para la innovación educativa en el ámbito de las Ciencias de la Naturaleza.",,,,0,1904,rec,https://youtu.be/QunhgfOIDTE
Grupo de padres Leer Juntos CEIP Infanta Elena,,Lola Laorden.,,1,1879,rec,Leerjuntos-300x169.jpg
GRUPOS INTERACTIVOS,http://cpfec.blogspot.com.es/,Claustro de profesores del CEIP Fernando el Católico de Zaragoza.,,0,1790,rec,https://www.youtube.com/watch?v=fWqgWtHRrh0&amp;t=89s
Grupos Interactivos CRA Mezquín,,,,0,1882,rec,https://www.youtube.com/watch?v=bsLKzW7v4mg&amp;feature=youtu.be
Grupos Interactivos en el Domingo Miral,,Equipo Directivo y Didáctico de 1º y 2º de Educación Primaria,,1,1656,rec,https://youtu.be/iV7PsGkHYkw
Grupos Interactivos: Otra Forma De Aprender Y Compartir,,,,1,1370,rec,https://youtu.be/K1uPEOb5ViA
Hacia la integración del alumnado con espectro autista,,,,0,1421,rec,https://youtu.be/5IQIUIOGrp0
Hacia un colegio cooperativo,http://arablogs.catedu.es/blog.php?id_blog=1194&amp;amp;pg=0&amp;amp;id_categoria=6455,,,1,1443,rec,
Hacia Una Escuela Más Inclusiva Que Mejore La Convivencia,,,,1,1435,rec,https://youtu.be/tsuq4sHrfnA
Haciendo camino,,,,1,1349,rec,https://youtu.be/DqYFZP_eesM
Hands on Through English,,,,1,1403,rec,https://youtu.be/fdm_7x3gWfc
Happy Piaget,,,,0,1340,rec,https://youtu.be/2QzXdqiO3mA
Hoy quiero ser feliz,http://ceipramirosolans.catedu.es/,,,0,1785,rec,https://youtu.be/WLC05sEU0KI
Huerto escolar,http://convocatorias.educa.aragon.es/formulario/upload/IEPR2015160047-301339_HUERTO%20EDUCATIVO_IESCONDEARANDA.pdf,,,0,1773,rec,
In other words,http://chabacier.es/es/,Blanca Langa Hernández,,0,1774,rec,https://youtu.be/IM1E_7JICGY
Inclusión Y Convivencia Un Proyecto Global En El Ies Rodanas,,,,0,1430,rec,https://youtu.be/nfWGb6KXvRw
Innova CEIP Cella,http://ceipmiguelblascovilatela.catedu.es/wp-content/uploads/2016/03/PROYECTOSINENLACES.pdf,,,0,1753,rec,
Innovando En El Cra Matarranya,,,,1,1378,rec,https://youtu.be/-f-DPEfOAb0
Instalaciones matemáticas en educación infantil,,,,0,1734,rec,https://youtu.be/j4714-dRiUg
La fiesta de cumpleaños,,,,0,1341,rec,https://youtu.be/Q9osa8HrZQs
La Misión De La Pajarita,,,,0,1413,rec,https://youtu.be/k7DlrEBzRso
La sombra del drone,,,,0,1351,rec,https://youtu.be/g7nkIJgjRQE
La vuelta al mundo. Le tour du monde,,Natalia Belsué,,0,1732,rec,https://youtu.be/5JkBh4Gwdi4
Las Tic en el aula:Innovación interacción,,,,0,1350,rec,https://youtu.be/ZbgAcV5WoeU
Línea 54,iesvaldespartera.catedu.es,Cristina Bohanna Pablo,,0,1936,rec,https://youtu.be/eHc2JUgbntg
Le cinema des 5 ans,,,,0,1356,rec,https://youtu.be/K89OBFxlyUs
Lecturas rimadas por Navidad,,Comisión de Biblioteca,,1,1688,rec,https://vimeo.com/165408050
LEER PARA VIVIR,,Jesús Gil Alejandre y Mª Del Rosario Gómez Ortega,,0,1637,rec,Leer para vivir ATECA.pdf
"Leer, escribir y hablar para cambiar",https://leerescribirhablarblog.wordpress.com/,Yolanda Hernández,,0,1749,rec,https://youtu.be/wECiOktoowY
Lipdub - corazón contento,,,,0,1424,rec,https://youtu.be/edAj1fujhJY
LIPDUB FERNANDO EL CATÓLICO,,,,0,1404,rec,https://youtu.be/Q_Txe_bjf-0
Los no libros,https://sites.google.com/site/nolibrosfrancesdearanda/,Mª Teresa Asensio Posadas,,0,1746,rec,https://youtu.be/enk5LxgNBEs
Los sonidos del Reino,,,,1,1441,rec,MEMORIA CONCURSO BUENAS PRACTICAS INFANTIL.pdf
"Los Zapatos, Mucho Más Que Un Juego",,,,0,1372,rec,https://youtu.be/vVDop0g2V3c
Made In Blecua,,,,1,1365,rec,https://youtu.be/KU1kXV4-c3w
"Make a better world, be a better person",https://www.colegioinmaculadaconcepcion.es/,Adrian Cazorro,,1,1939,rec,https://youtu.be/MOoBT2vffK0
Mannequin Challenge Poético,http://poesiaparallevar-ljp.blogspot.com.es/,Juan José Parcero,,0,1884,rec,https://www.youtube.com/watch?v=gS3oeRdUVBY
Marketing Educativo para la Educación de Adultos en el Siglo XXI,http://cpepamiguelhernandezhuesca.catedu.es/,"COORDINADORAS: BELÉN ASO CUELLO, CARMEN PLANA NACENTA Y ANABEL SAMPÉRIZ CORVINOS",,1,1894,rec,https://www.youtube.com/watch?v=ekGVZnNjM1I
Matemáticas ABN,,Coordinadora: Nuria Fernández Rubio,,0,1899,rec,https://youtu.be/wIvJCNN6K3U
Matemáticas para vivir,http://ceipramonsainzdevaranda.catedu.es/,,,0,1783,rec,
Mejora de la significatividad de la relación de las TIC con las asignaturas,,,,0,1361,rec,https://youtu.be/pBshI_uDqEQ
Metodología del aprendizaje servicio,,,,0,1414,rec,https://youtu.be/9g0Xlmgcy4I
Metodologías nuevas en el área de matemáticas,,Sara Anés Sanz,,1,1448,rec,https://sway.com/RYVfl1a8FKEBy3pt
Mi cole es un museo de Aragón,http://micoleesunmuseo.blogspot.com.es,Yolanda Pérez Mauri,,0,1449,rec,https://vimeo.com/147241522
Mi Huerto Ecológico,,,,0,1360,rec,https://youtu.be/mHJsRlWMkyo
Mi pueblo de cine,http://cramatarranya.catedu.es/,,,0,1772,rec,
Mirábilis II. Construyendo la educación inclusiva desde el IES Pedro Laín Entralgo,https://www.facebook.com/redmejorandojuntos/posts/559226344254274,,,0,1770,rec,
Niños sordos,,,,1,1348,rec,https://youtu.be/__nKoZsYgqw
Nos preparamos para la vida,,,,0,1353,rec,https://youtu.be/Yb_RnYKGLx4
Noticias Calasancio,,José Manuel Sancho (tutor del grupo),,0,1661,rec,https://www.youtube.com/watch?v=0ZxLNhCyYYg
Nuestro cole nos emociona,http://nuestrocolenosemociona.blogspot.com.es/,,,0,1897,rec,https://www.youtube.com/watch?v=eFc7eb9MN1Y&amp;feature=youtu.be
"Nuestro país vecino, Francia",,,,0,1363,rec,https://youtu.be/zYsOjWsK4Tw
Nuestros Proyectos,,,,1,1383,rec,https://youtu.be/Eobv-0jw7Fw
Objetivo 2030. Otro mundo es posible,https://sites.google.com/a/iesmonreal.es/objetivo2030/,Berta Peñasco Casinos,,0,1747,rec,https://youtu.be/cY8aYysUu0Y
"Ocho meses, ocho causas",http://ceipalfredomuinos.catedu.es/,,,0,1741,rec,https://youtu.be/w44Ih4_uOXA
One day in the English Class!,,,,1,1394,rec,https://youtu.be/JkZ_BLD4ppQ
Optimización enseñanza de las TIC en Educación Primaria- CEIP San Miguel 2015-16,,León Moreno,,0,1725,rec,https://vimeo.com/181487390
Otra forma de entender el vino,,,,1,1418,rec,https://youtu.be/ipLg-aGbSak
Our projects about animals,,,,0,1390,rec,https://youtu.be/Gdivn5QPGng
Pareja colaborativa en el área de Educación Física,,David Dorta,,0,1751,rec,https://youtu.be/2XgZQe9Bb1c
Pareja pedagógica en el área de Educación Física,,,,0,1358,rec,https://youtu.be/oEKHnY461hw
Parque Goya piensa y crea,,,,0,1375,rec,https://youtu.be/wj5vohG9FXM
"PASEN Y VEAN, LA FUNCIÓN VA A COMENZAR (Cómo lo hicimos)",,,,1,1428,rec,https://youtu.be/4p4TB0j3pZE
"Pasen Y Vean, La Función Va A Comenzar",,,,1,1366,rec,https://youtu.be/T_Wq2Pbems8
PATIOS DINÁMICOS,http://cpfec.blogspot.com.es/,Mesa de Convivencia (una de las que elaboran el Plan Marco del centro).,,0,1788,rec,https://www.youtube.com/watch?v=jMrE_23_JEE
PEEPA. Plan de Educación Emocional Positiva en la Azucarera.,http://www.iesazucarera.es/,Pilar Peris,,0,1779,rec,https://youtu.be/_c5zgHyjvKk
PIBE en IES Cinco Villas,,,,1,1368,rec,https://youtu.be/YBxDxMwIesI
PIBLEA en el GC,,,,1,1402,rec,https://youtu.be/VV0emVh9mgY
"PIBLEA, POLE y otras lenguas",,,,1,1427,rec,https://youtu.be/VV0emVh9mgY
Pido la palabra,,Silvia Guallar,,0,1742,rec,https://youtu.be/AoUbl8GYWA0
Pingües palabras con perros,,,,1,1343,rec,https://youtu.be/PtakH0HvV14
Pirueta,,,,1,1346,rec,https://youtu.be/s0ay8oN2XrE
Pit 1,,,,0,1347,rec,https://youtu.be/iwagbb4tUeg
Poesía para llevar IES SAN ALBERTO MAGNO,,Estela Puyuelo Ortiz,,1,1906,rec,https://youtu.be/kdtni7ISk-k
Poesía siglo XXI. Para una revitalización de la poesía en el aula,https://proyectoinnovacionblog.wordpress.com/,Marta Domínguez,,0,1748,rec,https://youtu.be/5Y2iRO7tUYk
POLE en ESO en inglés,,,,1,1386,rec,https://youtu.be/suF_Z6l-0jQ
Prácticas Innovadoras en Educación Infantil,,,,0,1357,rec,https://youtu.be/cjLragDLUAw
Prevención a través del lenguaje y la música,https://www.youtube.com/watch?v=BGnlzM-ZUqs,Marian Castelló Fernández y J. Susana Pérez Bernal,,0,1743,rec,https://youtu.be/-lzrl-zevNo
Prevención temprana del fracaso escolar desde la atención a la diversidad,,,,1,1452,rec,
Problemas En El Paraíso: ¡Una Aventura Matemática!,,,,0,1359,rec,https://youtu.be/m_TjEAX_Tuw
Programa Bilingüe. Cile 2,,,,1,1398,rec,https://youtu.be/Gtbhx4ectT8
Programa Cantania Palmireno,http://cantaniacaspealcaniz15.blogspot.com.es/,Carmen José Giner Gascón,,1,1689,rec,https://youtu.be/AUjVh_oC8U4
Programa Cantania San Juan de la Peña,,,,1,1337,rec,https://youtu.be/wyHkLyYYNPE
Programa Ciberayudantes,https://alumnosayudantes.wordpress.com,Antonio Martínez Ramos,,1,1444,rec,https://youtu.be/DKWJ2J9ExBo
Programa Ciencia Viva: observación de un eclipse solar,,Beatriz Sanmartín,,1,1649,rec,https://vimeo.com/165407226
Programa de Estimulación del Lenguaje Oral (P.E.L.O),http://analenymarta.wix.com/analenymarta#!programa-estimulacin-lenguaje-/c1quo,Maestra Audición y Lenguaje,,0,1634,rec,https://youtu.be/DLEHo0k-zHE
PROGRAMA: AJEDREZ EN LA ESCUELA EN EL CEIP VIRGEN DE LA PEANA DE ATECA,,Luis M. Valdés Artime y Jesús Gil Alejandre,,1,1662,rec,https://www.youtube.com/watch?v=Z8qS0uAqKAc
Programación y robótica,http://www.colegiolajota.com/#!code2learn/c1mug,José María Pellicer; Elena Carbajosa; David Maqueda,,0,1569,rec,https://youtu.be/7fwmac76hnw
Proyecto Alegría. La abeja Berta y el abuelo Li,http://cofredepiratas.blogspot.com.es/search/label/Proyecto%20Alegría,Martín Pinos Quílez (coordinador),,0,1437,rec,http://innovacion.educa.aragon.es/recursos/proyectoalegria/intro.swf
Proyecto Altas Capacidades Primaria,,Inmaculada Zegri / Antonio López / Cristina Bravo / Miriam Bericat / MªPilar Catalán,,0,1880,rec,https://youtu.be/wtI6jdv0WiI?list=UUw69dIhvMORXzLzRQ1Hu8uQ
Proyecto colaborativo &quot;El blog del cole&quot;,http://ceipvaldespartera.blogspot.com.es/,Daniel Martín Crespo,,0,1702,rec,https://www.youtube.com/watch?v=-ErQ6lNNjoI
Proyecto COPO,http://mapaideas.esy.es/Pagina%20proyecto%20COPO/,"Antonio López Polo (Zaragoza), Carmen Ceamanos (La Almunia), Luis Mur Lalaguna (Monzón)",,0,1836,rec,https://youtu.be/LRIToeEXmew
Proyecto Cultural De Centro,,,,1,1367,rec,https://youtu.be/Btej289ko2M
Proyecto de Aikido en la resolución de conflictos,,,,0,1352,rec,https://youtu.be/5EXnrfkmHEE
Proyecto de Historia en el C.R.A. La Cepa,,Profesores que imparten Ciencias Sociales,,0,1642,rec,https://www.youtube.com/watch?time_continue=6&amp;v=l6BHDxfqeIo
Proyecto de innovación de tiempos escolares CEIP Infanta Elena,,Claustro de Profesores,,0,1876,rec,LiCEIP-INFANTA-ELENA.pdf
Proyecto de Innovación Tiempos Escolares CEIP Castillo Qadrit,https://docs.google.com/viewer?a=v&amp;pid=sites&amp;srcid=ZGVmYXVsdGRvbWFpbnxjb2xlY2FzdGlsbG9xYWRyaXR8Z3g6OTI0NmYwZDQyM2M5NWUy,,,0,1763,rec,https://youtu.be/Xab4H6KoXF4
Proyecto de Innovación Tiempos Escolares CEIP Catalina de Aragón,http://www.ceipcatalinadearagon.es/,,,0,1762,rec,
Proyecto de Innovación Tiempos Escolares CEIP Gloria Arenillas,https://sites.google.com/site/ceipgloriaarenillas/,,,0,1764,rec,https://youtu.be/IpoLxhCHroc
Proyecto de Innovación Tiempos Escolares CEIP Joaquín Costa (Tarazona),http://cpjctara.educa.aragon.es/,,,0,1765,rec,
Proyecto de Innovación Tiempos Escolares CEIP Justicia de Aragón,http://www.colegioeljusticiadearagon.es/,,,0,1755,rec,
Proyecto de Innovación Tiempos Escolares CEIP Mariano Castillo,http://cpmcazar.educa.aragon.es/,,,0,1759,rec,
Proyecto de Innovación Tiempos Escolares CEIP Montecanal,http://colegiomontecanal.es/,,,0,1766,rec,
Proyecto de Innovación Tiempos Escolares CEIP Parque Goya,http://cppgozar.educa.aragon.es/TIEMPOSESCOLARES.htm,,,0,1767,rec,
Proyecto de Innovación Tiempos Escolares CEIP Pierres Vedel,https://sites.google.com/site/colegiopierresvedel/,,,0,1756,rec,
Proyecto de Innovación Tiempos Escolares Colegio Cantín y Gamboa,http://cantinygamboa.es/proyecto-organizacion-tiempos-escolares/,,,0,1768,rec,https://www.youtube.com/watch?v=kyWQFA7Qobc
Proyecto de Innovación Tiempos Escolares CRA Turia,,,,0,1758,rec,
Proyecto de Reciclaje del Colegio El Buen Pastor,,Profesores del departamento de Ciencias y de Ed. Infantil.,,0,1694,rec,https://youtu.be/AS8f2LZcJKM
Proyecto Genios,,Rosa Llorente García,,0,1500,rec,https://www.youtube.com/watch?v=eWXiXTWYzRE
Proyecto Global &quot;Entre Todos&quot;,,,,1,1355,rec,https://youtu.be/nk-1nVxYrzc
Proyecto innovador Cuarte III,,,,0,1618,rec,https://youtu.be/YGOmRutLiUg
Proyecto musical: Tu nombre bajo mi piel,www.elbuenpastorzaragoza.net,"José Antonio Ruiz, Maite Abadía, Lourdes Mallada, Silvia Pérez, Lourdes Alhajas y José Miguel García",,0,1917,rec,https://www.youtube.com/watch?v=sOjY8jEzYvM
Proyecto POLE,http://centroalaun.catedu.es/,ROSANA CIRIA PEREZ,,0,1700,rec,PERIÓDICO DIGITAL.pdf
Proyecto POLE: Aprendizaje Servicio (APS) bachillerato- infantil-primaria,,"MIRIAN CANTIN RUIZ; INMACULADA ZEGRÍ PLANA -; MARIA ANGELES GIL MONTALBAN,RODRIGO MUÑOZ ACEVEDO",,0,1825,rec,Proyecto POLE Salesianos.JPEG
Proyecto Sorolla en 2º primaria,,,,0,1401,rec,https://youtu.be/uerrMZbwMn8
Proyecto Versicos,http://nochedeluz.blogspot.com.es/p/han-colaborado.html,Francho Lafuente ; Jesús Guallar,,0,1728,rec,https://youtu.be/oCv2pItDpQc
PROYECTO YDHEA Salesianos,,,,1,1442,rec,https://youtu.be/wyPykXmA2p8
Qué emoción,,,,0,1744,rec,https://youtu.be/RMcgBXbPAC4
Que Es Una Efa. Efa La Noria,,,,0,1416,rec,https://youtu.be/eLqHNphzvSM
QUIJOTE SIGLO XXI,https://quijotesigloxxi.wordpress.com/,"Ernesto Viamonte Lucientes, profesor de Lengua y Literatura Españolas",,0,1655,rec,https://quijotesigloxxi.wordpress.com/
Radio Cándido,http://convocatorias.educa.aragon.es/formulario/upload/IEPR2015160053-879452_RADIO%20proyecto%20innov.pdf,,,0,1780,rec,https://youtu.be/z0lSs0GXkHw
Rap de la biblioteca,,,,0,1376,rec,https://youtu.be/fV6Gxwuoe58
"Rapsodas del IES Gallicum de Zuera, con Poesía para llevar",http://poesiaparallevar-ljp.blogspot.com.es/,Juan José Parcero,,0,1885,rec,https://www.youtube.com/watch?v=9-EmARYtdeA
RecreARTE,http://arteenelrecreo.blogspot.com.es/,,,0,1735,rec,https://youtu.be/y6cJOkEnV7Q
Repensando la Navidad,,,,0,1832,rec,https://youtu.be/O7wJjD95EL8
Resumen proyectos Educación Infantil El Buen Pastor,www.elbuenpastorzaragoza.net,,,0,1918,rec,https://www.youtube.com/watch?v=3aPurAsWK3c
Robótica educativa en Educación Infantil y Primaria,http://elviajedebeebot.blogspot.com.es/p/fase-iii-del-proyecto-colaborativo.html,Domingo Santabárbara Bayo,,1,1455,rec,https://youtu.be/NR9PSuqe6Y4
Robótica en el IES Andalán,,Juan Gonzalvo,,1,1515,rec,https://youtu.be/re7m4URmKeM
Robótica y Programación itinerario EP a ESO,,Isaac M. Pérez Aisa,,0,1635,rec,https://www.youtube.com/watch?v=w7mZJyXISyo
Samsung Smart School,http://colegioferreryracaj.wordpres.com,Conchita Palacio Prádanos,,1,1479,rec,https://www.dropbox.com/s/nv8sgply339zd5m/Presentaci%C3%B3n%20de%20PowerPoint.swf?dl=0
School Radio,https://www.youtube.com/watch?v=BSLoYwKIIN0,,,0,1364,rec,https://youtu.be/x7Wb5izKsco
Semana Cultural,,,,1,1387,rec,https://youtu.be/yG5SBZeUyz4
Semillas de inclusión,,,,1,1338,rec,https://youtu.be/IiWC4Dvm2Gk
Singing a Story,,,,1,1411,rec,https://youtu.be/QS-LZOSOUm4
Structure of matter,,,,0,1405,rec,https://youtu.be/OCLqniGRcbA
Tabletas en infantil,,,,0,1407,rec,https://youtu.be/tMjyMDSm8Jc
TABLETAS EN PRIMARIA,http://zalmates.blogspot.com.es/      http://zalfomates2.blogspot.com.es/,"Todo el equipo docente de 1º y 2º de primaria, junto con el equipo directivo",,1,1907,rec,http://zalfomates2.blogspot.com.es/
Taller de capacidades,,,,0,1453,rec,https://docs.google.com/file/d/0B_Jm8DOkHqDcUnoyVWRKVmstOEk/preview
TALLERES INTERNIVELARES,http://cpfec.blogspot.com.es/,Claustro de profesores del CEIP Fernando el Católico de Zaragoza.,,0,1789,rec,https://www.youtube.com/watch?v=i8EPvzRCSIE&amp;t=11s
Talleres Internivelares CEIP Infanta Elena,,Todo el Claustro de Profesores.,,0,1834,rec,4.jpg
TausteAR,,Sonia Cortés Martín,,0,1696,rec,https://youtu.be/wT2Sy6GntoY
"Te cuido, me enseñas, nos educan",,,,1,1425,rec,https://youtu.be/_YRE863tCbk
Tengo un tesoro en mi voz,http://ceipciudaddezaragoza.catedu.es/proyecto-de-innovacion/,Yolanda A. Castelló,,0,1782,rec,
Territorio de paz. Aprendiendo a convivir.,,,,0,1385,rec,https://youtu.be/B7hHRVdsWVU
Tertulias Radiofónicas IES San Alberto Magno,http://iessanalbertomagno.catedu.es/alumnado-2/tertulias-radiofonicas/,Alfredo Sánchez,,0,1895,rec,http://iessanalbertomagno.catedu.es/alumnado-2/tertulias-radiofonicas/
TEVEO Y DISPLAY,,"GUADALUPE LARDIÉS, RAMÓN DÍA, EVA VARGAS",,0,1654,rec,Aspace.jpg
Todos aportamos. Una propuesta de aprendizaje servicio,,Cristina Barrio Bravo,,0,1733,rec,https://youtu.be/MQibIZ8tmvE
Trabajamos con los 7 sentidos: Intervención desde la perspectiva de intengración sensorial en el CEE Ángel Rivière,,Mª Luisa Marco Bruna,,0,1434,rec,https://youtu.be/2wpaEJky6yQ
TRABAJAMOS JUNTOS EN LA ESCUELA,http://arablogs.catedu.es/blog.php?id_blog=2044,Jesús Gil Alejandre,,1,1636,rec,Pintando_2.jpg
Trabajando el pensamiento creativo y divergente con Lego,,Domingo Santabárbara Bayo,,1,1436,rec,http://www.kizoa.com/embed-26224727-1132559o1l1
"TRADICIONES ANGLOSAJONAS, HALLOWEEN.",,Susana María Alcón Gonzalvo y José Luis Sampériz Cerezo (tutores de 2º ESO),,0,1911,rec,https://youtu.be/lThyjND9Jmg
Tutorización y apadrinamiento lector entre alumnos,,Ester Mayayo,,0,1740,rec,https://youtu.be/bWydE43OOjI
Un día de cine con los alumnos del GC,,Teresa Pérez Hernández,,1,1408,rec,https://youtu.be/8z43p75kTtE
Un día en el CEE San Germán,,,,0,1384,rec,https://youtu.be/sAewXXnthSU
"Un patio de recreo natural, creativo, de juego y aprendizaje",https://www.facebook.com/uncoleunailusion,Carmen Abad; Inma Tena,,1,1508,rec,https://www.youtube.com/watch?v=FFlHnycGidA
UNA TRIBU LECTORA EN EL SAN BRAULIO,http://sanbraulio.blogspot.com.es/,ELENA VIÑERTA SERRANO,,1,1896,rec,https://youtu.be/HrGHcxh94UU
Valoración cognitiva en población geriátrica,,,,1,1362,rec,https://youtu.be/-L-nxMDjBBE
Viajeros y exploradores,https://viajerosyexploradores.wordpress.com/,María Corellano Velázquez. Coordinadora y Profesora del Departamento de Geografía e Historia.,,0,1690,rec,https://www.youtube.com/watch?v=TI4WBzAP1pk
"Video Inglés, cile 1 . 1º Primaria",,,,0,1397,rec,https://youtu.be/OgnxfkPi-fI
VII Jornadas Interdisciplinares (ESO): La profesión como vocación de vida II,,Diego Cabeza,,0,1829,rec,Cartel 01.jpg
VISITA AL TEATRO CHAILLOT DE PARIS,,Nieves Orduna Alonso (profesora de francés del IES Pablo Serrano) y Françoise González (profesora de español en el Collège Victor Hugo de Paris),,1,1938,rec,http://www.iespabloserrano.es/joomla/noticias/119-actividades/748-intecambio-con-el-college-victor-hugo-paris-video-de-la-visita-al-teatro-chaillot
Vivencia de TRES generaciones en TRES momentos diferentes,http://iesfelixdeazara.catedu.es/,,,0,1778,rec,https://youtu.be/-2Ay5BMEjCY
Why do we want to learn english?,,,,0,1389,rec,https://youtu.be/SbvfXDTFgK8
